-- Delete from all talbes
DELETE FROM SCHEDULE;
DELETE FROM TRAINER_BATCH ;
DELETE FROM TRAINER ;
DELETE FROM TRAINEE_BATCH ;
DELETE FROM TRAINEE ;
DELETE FROM COURSE_SECTION ;
DELETE FROM BATCH ;
DELETE FROM SECTION ;
DELETE FROM COURSE ;
DELETE FROM USERS;
DELETE FROM ADDRESS ;
DELETE FROM ROLE ;

-- Insert into ROLE table
INSERT INTO ROLE(ROLE_ID,ROLE_NAME,NOTE) VALUES('role1','ADMIN','Admin role user can insert,delete and update records in all tables');
INSERT INTO ROLE(ROLE_ID,ROLE_NAME,NOTE) VALUES('role2','TRAINER','Trainer role user can insert,delete and update records in batch_trainer ,schedule tables');
INSERT INTO ROLE(ROLE_ID,ROLE_NAME,NOTE) VALUES('role3','TRAINEE','Trainee role user can insert,delete and update records in only schedule table');
INSERT INTO ROLE(ROLE_ID,ROLE_NAME,NOTE) VALUES('role4','MANAGEMENT','Managgement role user can request reports for all tables');

-- Insert into ADDRESS table
INSERT INTO ADDRESS(ID,ADDR_L1,ADDR_L2,CITY,STATE,COUNTRY,ZIPCODE) VALUES(1,'111','Berry','Edison','NJ','USA','08819');
INSERT INTO ADDRESS(ID,ADDR_L1,ADDR_L2,CITY,STATE,COUNTRY,ZIPCODE) VALUES(2,'122','Central','Metro','NJ','USA','08819');
INSERT INTO ADDRESS(ID,ADDR_L1,ADDR_L2,CITY,STATE,COUNTRY,ZIPCODE) VALUES(3,'123','Plainfield','Piscataway','NJ','USA','08829');
INSERT INTO ADDRESS(ID,ADDR_L1,ADDR_L2,CITY,STATE,COUNTRY,ZIPCODE) VALUES(4,'122','Central','Metro','NJ','USA','08819');
INSERT INTO ADDRESS(ID,ADDR_L1,ADDR_L2,CITY,STATE,COUNTRY,ZIPCODE) VALUES(5,'200','Forest','Edison','NJ','USA','08809');
INSERT INTO ADDRESS(ID,ADDR_L1,ADDR_L2,CITY,STATE,COUNTRY,ZIPCODE) VALUES(6,'300','Forest','Edison','NJ','USA','08809');
INSERT INTO ADDRESS(ID,ADDR_L1,ADDR_L2,CITY,STATE,COUNTRY,ZIPCODE) VALUES(7,'240','RassBerry','Edison','NJ','USA','08819');
INSERT INTO ADDRESS(ID,ADDR_L1,ADDR_L2,CITY,STATE,COUNTRY,ZIPCODE) VALUES(8,'340','Berry','Edison','NJ','USA','08819');
INSERT INTO ADDRESS(ID,ADDR_L1,ADDR_L2,CITY,STATE,COUNTRY,ZIPCODE) VALUES(9,'131','Plainfield','Piscataway','NJ','USA','08829');
INSERT INTO ADDRESS(ID,ADDR_L1,ADDR_L2,CITY,STATE,COUNTRY,ZIPCODE) VALUES(10,'132','Central','Metro','NJ','USA','08819');
INSERT INTO ADDRESS(ID,ADDR_L1,ADDR_L2,CITY,STATE,COUNTRY,ZIPCODE) VALUES(11,'133','Forest','Edison','NJ','USA','08809');
INSERT INTO ADDRESS(ID,ADDR_L1,ADDR_L2,CITY,STATE,COUNTRY,ZIPCODE) VALUES(12,'134','Plainfield','Piscataway','NJ','USA','08829');
INSERT INTO ADDRESS(ID,ADDR_L1,ADDR_L2,CITY,STATE,COUNTRY,ZIPCODE) VALUES(13,'135','Central','Metro','NJ','USA','08819');
INSERT INTO ADDRESS(ID,ADDR_L1,ADDR_L2,CITY,STATE,COUNTRY,ZIPCODE) VALUES(14,'135','Forest','Edison','NJ','USA','08809');
INSERT INTO ADDRESS(ID,ADDR_L1,ADDR_L2,CITY,STATE,COUNTRY,ZIPCODE) VALUES(15,'136','Plainfield','Piscataway','NJ','USA','08829');
INSERT INTO ADDRESS(ID,ADDR_L1,ADDR_L2,CITY,STATE,COUNTRY,ZIPCODE) VALUES(16,'137','Central','Metro','NJ','USA','08819');
INSERT INTO ADDRESS(ID,ADDR_L1,ADDR_L2,CITY,STATE,COUNTRY,ZIPCODE) VALUES(17,'138','Forest','Edison','NJ','USA','08809');
INSERT INTO ADDRESS(ID,ADDR_L1,ADDR_L2,CITY,STATE,COUNTRY,ZIPCODE) VALUES(18,'139','Forest','Edison','NJ','USA','08809');
INSERT INTO ADDRESS(ID,ADDR_L1,ADDR_L2,CITY,STATE,COUNTRY,ZIPCODE) VALUES(19,'141','Plainfield','Piscataway','NJ','USA','08829');
INSERT INTO ADDRESS(ID,ADDR_L1,ADDR_L2,CITY,STATE,COUNTRY,ZIPCODE) VALUES(20,'152','Central','Metro','NJ','USA','08819');
INSERT INTO ADDRESS(ID,ADDR_L1,ADDR_L2,CITY,STATE,COUNTRY,ZIPCODE) VALUES(21,'153','Forest','Edison','NJ','USA','08809');
INSERT INTO ADDRESS(ID,ADDR_L1,ADDR_L2,CITY,STATE,COUNTRY,ZIPCODE) VALUES(22,'164','Plainfield','Piscataway','NJ','USA','08829');
INSERT INTO ADDRESS(ID,ADDR_L1,ADDR_L2,CITY,STATE,COUNTRY,ZIPCODE) VALUES(23,'165','Central','Metro','NJ','USA','08819');
INSERT INTO ADDRESS(ID,ADDR_L1,ADDR_L2,CITY,STATE,COUNTRY,ZIPCODE) VALUES(24,'145','Forest','Edison','NJ','USA','08809');
INSERT INTO ADDRESS(ID,ADDR_L1,ADDR_L2,CITY,STATE,COUNTRY,ZIPCODE) VALUES(25,'164','Plainfield','Piscataway','NJ','USA','08829');
INSERT INTO ADDRESS(ID,ADDR_L1,ADDR_L2,CITY,STATE,COUNTRY,ZIPCODE) VALUES(26,'175','Central','Metro','NJ','USA','08819');
INSERT INTO ADDRESS(ID,ADDR_L1,ADDR_L2,CITY,STATE,COUNTRY,ZIPCODE) VALUES(27,'143','Forest','Edison','NJ','USA','08809');
INSERT INTO ADDRESS(ID,ADDR_L1,ADDR_L2,CITY,STATE,COUNTRY,ZIPCODE) VALUES(28,'149','Forest','Edison','NJ','USA','08809');
INSERT INTO ADDRESS(ID,ADDR_L1,ADDR_L2,CITY,STATE,COUNTRY,ZIPCODE) VALUES(29,'151','Plainfield','Piscataway','NJ','USA','08829');
INSERT INTO ADDRESS(ID,ADDR_L1,ADDR_L2,CITY,STATE,COUNTRY,ZIPCODE) VALUES(30,'142','Central','Metro','NJ','USA','08819');
INSERT INTO ADDRESS(ID,ADDR_L1,ADDR_L2,CITY,STATE,COUNTRY,ZIPCODE) VALUES(31,'143','Forest','Edison','NJ','USA','08809');
INSERT INTO ADDRESS(ID,ADDR_L1,ADDR_L2,CITY,STATE,COUNTRY,ZIPCODE) VALUES(32,'144','Plainfield','Piscataway','NJ','USA','08829');
INSERT INTO ADDRESS(ID,ADDR_L1,ADDR_L2,CITY,STATE,COUNTRY,ZIPCODE) VALUES(33,'185','Central','Metro','NJ','USA','08819');
INSERT INTO ADDRESS(ID,ADDR_L1,ADDR_L2,CITY,STATE,COUNTRY,ZIPCODE) VALUES(34,'155','Forest','Edison','NJ','USA','08809');
INSERT INTO ADDRESS(ID,ADDR_L1,ADDR_L2,CITY,STATE,COUNTRY,ZIPCODE) VALUES(35,'154','Plainfield','Piscataway','NJ','USA','08829');
INSERT INTO ADDRESS(ID,ADDR_L1,ADDR_L2,CITY,STATE,COUNTRY,ZIPCODE) VALUES(36,'165','Central','Metro','NJ','USA','08819');
INSERT INTO ADDRESS(ID,ADDR_L1,ADDR_L2,CITY,STATE,COUNTRY,ZIPCODE) VALUES(37,'163','Forest','Edison','NJ','USA','08809');
INSERT INTO ADDRESS(ID,ADDR_L1,ADDR_L2,CITY,STATE,COUNTRY,ZIPCODE) VALUES(38,'159','Forest','Edison','NJ','USA','08809');
INSERT INTO ADDRESS(ID,ADDR_L1,ADDR_L2,CITY,STATE,COUNTRY,ZIPCODE) VALUES(39,'181','Plainfield','Piscataway','NJ','USA','08829');
INSERT INTO ADDRESS(ID,ADDR_L1,ADDR_L2,CITY,STATE,COUNTRY,ZIPCODE) VALUES(40,'182','Central','Metro','NJ','USA','08819');
INSERT INTO ADDRESS(ID,ADDR_L1,ADDR_L2,CITY,STATE,COUNTRY,ZIPCODE) VALUES(41,'183','Forest','Edison','NJ','USA','08809');
INSERT INTO ADDRESS(ID,ADDR_L1,ADDR_L2,CITY,STATE,COUNTRY,ZIPCODE) VALUES(42,'174','Plainfield','Piscataway','NJ','USA','08829');
INSERT INTO ADDRESS(ID,ADDR_L1,ADDR_L2,CITY,STATE,COUNTRY,ZIPCODE) VALUES(43,'157','Central','Metro','NJ','USA','08819');
INSERT INTO ADDRESS(ID,ADDR_L1,ADDR_L2,CITY,STATE,COUNTRY,ZIPCODE) VALUES(44,'147','Forest','Edison','NJ','USA','08809');
INSERT INTO ADDRESS(ID,ADDR_L1,ADDR_L2,CITY,STATE,COUNTRY,ZIPCODE) VALUES(45,'157','Plainfield','Piscataway','NJ','USA','08829');
INSERT INTO ADDRESS(ID,ADDR_L1,ADDR_L2,CITY,STATE,COUNTRY,ZIPCODE) VALUES(46,'167','Central','Metro','NJ','USA','08819');
INSERT INTO ADDRESS(ID,ADDR_L1,ADDR_L2,CITY,STATE,COUNTRY,ZIPCODE) VALUES(47,'173','Forest','Edison','NJ','USA','08809');
INSERT INTO ADDRESS(ID,ADDR_L1,ADDR_L2,CITY,STATE,COUNTRY,ZIPCODE) VALUES(48,'189','Forest','Edison','NJ','USA','08809');
INSERT INTO ADDRESS(ID,ADDR_L1,ADDR_L2,CITY,STATE,COUNTRY,ZIPCODE) VALUES(49,'191','Plainfield','Piscataway','NJ','USA','08829');
INSERT INTO ADDRESS(ID,ADDR_L1,ADDR_L2,CITY,STATE,COUNTRY,ZIPCODE) VALUES(50,'192','Central','Metro','NJ','USA','08819');
INSERT INTO ADDRESS(ID,ADDR_L1,ADDR_L2,CITY,STATE,COUNTRY,ZIPCODE) VALUES(51,'193','Forest','Edison','NJ','USA','08809');
INSERT INTO ADDRESS(ID,ADDR_L1,ADDR_L2,CITY,STATE,COUNTRY,ZIPCODE) VALUES(52,'194','Plainfield','Piscataway','NJ','USA','08829');
INSERT INTO ADDRESS(ID,ADDR_L1,ADDR_L2,CITY,STATE,COUNTRY,ZIPCODE) VALUES(53,'199','Central','Metro','NJ','USA','08819');
INSERT INTO ADDRESS(ID,ADDR_L1,ADDR_L2,CITY,STATE,COUNTRY,ZIPCODE) VALUES(54,'188','Forest','Edison','NJ','USA','08809');
INSERT INTO ADDRESS(ID,ADDR_L1,ADDR_L2,CITY,STATE,COUNTRY,ZIPCODE) VALUES(55,'177','Plainfield','Piscataway','NJ','USA','08829');
INSERT INTO ADDRESS(ID,ADDR_L1,ADDR_L2,CITY,STATE,COUNTRY,ZIPCODE) VALUES(56,'197','Central','Metro','NJ','USA','08819');
INSERT INTO ADDRESS(ID,ADDR_L1,ADDR_L2,CITY,STATE,COUNTRY,ZIPCODE) VALUES(57,'193','Forest','Edison','NJ','USA','08809');
INSERT INTO ADDRESS(ID,ADDR_L1,ADDR_L2,CITY,STATE,COUNTRY,ZIPCODE) VALUES(98,'189','Forest','Edison','NJ','USA','08809');

-- Insert into USERS table
INSERT INTO USERS(ID,LOGIN_ID,PASSWORD,ROLE_ID,FIRST_NAME,LAST_NAME,MIDDLE_NAME,DATE_OF_BIRTH,EMAIL_ID,LEGAL_STATUS,CELL_NO,HOME_NO,OFFICE_NO,
HI_QUALIFICATION,HOME_ADDRESS_ID,OFFICE_ADDRESS_ID,JOIN_DATE,GENDER,NOTE,CREATE_DATE)
VALUES(501,'venkat2015','password','role1','Venkat','V','K','01/JAN/1974','venkat.v@gmail.com','GC','201-123-1234','201-231-4321','201-111-22222',
'Masters',1,2,'01/FEB/2015','Male','this is the admin id',sysdate);
INSERT INTO USERS(ID,LOGIN_ID,PASSWORD,ROLE_ID,FIRST_NAME,LAST_NAME,MIDDLE_NAME,DATE_OF_BIRTH,EMAIL_ID,LEGAL_STATUS,CELL_NO,HOME_NO,OFFICE_NO,
HI_QUALIFICATION,HOME_ADDRESS_ID,OFFICE_ADDRESS_ID,JOIN_DATE,GENDER,NOTE,CREATED_ID,CREATE_DATE)
VALUES(502,'malik2015','password','role2','Malik','A','S','01/JAN/1974','malik.v@gmail.com','GC','201-555-1234','201-999-4321','201-111-22222',
'Masters',3,4,'01/FEB/2015','Male','this is the trainer id',501,sysdate);
INSERT INTO USERS(ID,LOGIN_ID,PASSWORD,ROLE_ID,FIRST_NAME,LAST_NAME,DATE_OF_BIRTH,EMAIL_ID,LEGAL_STATUS,CELL_NO,HOME_NO,
HI_QUALIFICATION,HOME_ADDRESS_ID,JOIN_DATE,GENDER,NOTE,CREATED_ID,CREATE_DATE)
VALUES(503,'rani2015','password','role3','Aruna','A','01/JAN/1977','rani2015@gmail.com','H4','201-555-2222','201-999-4444',
'BTech',5,'05/MAY/2015','Female','this is the trainee id',501,sysdate);
INSERT INTO USERS(ID,LOGIN_ID,PASSWORD,ROLE_ID,FIRST_NAME,LAST_NAME,DATE_OF_BIRTH,EMAIL_ID,LEGAL_STATUS,CELL_NO,HOME_NO,
HI_QUALIFICATION,HOME_ADDRESS_ID,JOIN_DATE,GENDER,NOTE,CREATED_ID,CREATE_DATE)
VALUES(504,'anitha2015','password','role3','Anitha','Sadanala','01/JAN/1977','anitha2015@gmail.com','H4','201-666-2222','201-111-4444',
'BL',6,'05/MAY/2015','Female','this is the trainee id',501,sysdate);
INSERT INTO USERS(ID,LOGIN_ID,PASSWORD,ROLE_ID,FIRST_NAME,LAST_NAME,DATE_OF_BIRTH,EMAIL_ID,LEGAL_STATUS,CELL_NO,HOME_NO,
HI_QUALIFICATION,HOME_ADDRESS_ID,JOIN_DATE,GENDER,NOTE,CREATED_ID,CREATE_DATE)
VALUES(505,'uma2015','password','role3','Uma','K','01/JAN/1978','uma2015@gmail.com','H4','201-696-2299','201-156-4894',
'BE',7,'05/MAY/2015','Female','this is the trainee id',501,sysdate);
INSERT INTO USERS(ID,LOGIN_ID,PASSWORD,ROLE_ID,FIRST_NAME,LAST_NAME,DATE_OF_BIRTH,EMAIL_ID,LEGAL_STATUS,CELL_NO,HOME_NO,
HI_QUALIFICATION,HOME_ADDRESS_ID,JOIN_DATE,GENDER,NOTE,CREATED_ID,CREATE_DATE)
VALUES(506,'vijaya2015','password','role3','Vijaya','P','01/JAN/1989','vijaya2015@gmail.com','EAD','201-696-2569','201-156-5694',
'MTech',8,'05/MAY/2015','Female','this is the trainee id',501,sysdate);
INSERT INTO USERS(ID,LOGIN_ID,PASSWORD,ROLE_ID,FIRST_NAME,LAST_NAME,MIDDLE_NAME,DATE_OF_BIRTH,EMAIL_ID,LEGAL_STATUS,CELL_NO,HOME_NO,OFFICE_NO,
HI_QUALIFICATION,HOME_ADDRESS_ID,OFFICE_ADDRESS_ID,JOIN_DATE,GENDER,NOTE,CREATED_ID,CREATE_DATE)
VALUES(507,'tom2015','password','role2','Tom','A','D','19/JAN/1972','tom@gmail.com','GC','201-556-1334','201-999-4221','201-112-2266',
'Masters',7,8,'02/FEB/2015','Male','this is the trainer id',501,sysdate);

INSERT INTO USERS(ID,LOGIN_ID,PASSWORD,ROLE_ID,FIRST_NAME,LAST_NAME,DATE_OF_BIRTH,EMAIL_ID,LEGAL_STATUS,CELL_NO,HOME_NO,
HI_QUALIFICATION,HOME_ADDRESS_ID,JOIN_DATE,GENDER,NOTE,CREATED_ID,CREATE_DATE)
VALUES(508,'david2015','password','role3','David','B','01/JAN/1973','david@gmail.com','H4','201-578-2222','201-998-4553',
'BTech',8,'05/MAY/2015','Male','this is the trainee id',501,sysdate);

INSERT INTO USERS(ID,LOGIN_ID,PASSWORD,ROLE_ID,FIRST_NAME,LAST_NAME,MIDDLE_NAME,DATE_OF_BIRTH,EMAIL_ID,LEGAL_STATUS,CELL_NO,HOME_NO,OFFICE_NO,
HI_QUALIFICATION,HOME_ADDRESS_ID,OFFICE_ADDRESS_ID,JOIN_DATE,GENDER,NOTE,CREATED_ID,CREATE_DATE)
VALUES(509,'andy2015','password','role2','Andy','A','D','05/JAN/1975','andy@gmail.com','GC','201-556-1234','201-999-4321','201-112-22222',
'Masters',9,10,'02/FEB/2015','Male','this is the trainer id',501,sysdate);

INSERT INTO USERS(ID,LOGIN_ID,PASSWORD,ROLE_ID,FIRST_NAME,LAST_NAME,DATE_OF_BIRTH,EMAIL_ID,LEGAL_STATUS,CELL_NO,HOME_NO,
HI_QUALIFICATION,HOME_ADDRESS_ID,JOIN_DATE,GENDER,NOTE,CREATED_ID,CREATE_DATE)
VALUES(510,'robert2015','password','role3','Robert','B','01/JAN/1978','robert@gmail.com','H4','201-555-2222','201-998-4443',
'BTech',10,'05/MAY/2015','Male','this is the trainee id',501,sysdate);

INSERT INTO USERS(ID,LOGIN_ID,PASSWORD,ROLE_ID,FIRST_NAME,LAST_NAME,DATE_OF_BIRTH,EMAIL_ID,LEGAL_STATUS,CELL_NO,HOME_NO,
HI_QUALIFICATION,HOME_ADDRESS_ID,JOIN_DATE,GENDER,NOTE,CREATED_ID,CREATE_DATE)
VALUES(511,'ani2015','password','role3','Ani','S','05/JAN/1976','ani@gmail.com','H4','201-666-2229','201-111-4449',
'BL',11,'05/MAY/2015','Female','this is the trainee id',501,sysdate);

INSERT INTO USERS(ID,LOGIN_ID,PASSWORD,ROLE_ID,FIRST_NAME,LAST_NAME,DATE_OF_BIRTH,EMAIL_ID,LEGAL_STATUS,CELL_NO,HOME_NO,
HI_QUALIFICATION,HOME_ADDRESS_ID,JOIN_DATE,GENDER,NOTE,CREATED_ID,CREATE_DATE)
VALUES(512,'mary2015','password','role3','Mary','K','23/JAN/1976','mary@gmail.com','H4','201-896-2298','201-356-4898',
'BE',12,'05/MAY/2015','Female','this is the trainee id',501,sysdate);

INSERT INTO USERS(ID,LOGIN_ID,PASSWORD,ROLE_ID,FIRST_NAME,LAST_NAME,DATE_OF_BIRTH,EMAIL_ID,LEGAL_STATUS,CELL_NO,HOME_NO,
HI_QUALIFICATION,HOME_ADDRESS_ID,JOIN_DATE,GENDER,NOTE,CREATED_ID,CREATE_DATE)
VALUES(513,'samantha2015','password','role3','samantha','F','18/JAN/1989','samantha@gmail.com','EAD','201-696-3567','201-256-5674',
'MTech',13,'05/MAY/2015','Female','this is the trainee id',501,sysdate);

INSERT INTO USERS(ID,LOGIN_ID,PASSWORD,ROLE_ID,FIRST_NAME,LAST_NAME,MIDDLE_NAME,DATE_OF_BIRTH,EMAIL_ID,LEGAL_STATUS,CELL_NO,HOME_NO,OFFICE_NO,
HI_QUALIFICATION,HOME_ADDRESS_ID,OFFICE_ADDRESS_ID,JOIN_DATE,GENDER,NOTE,CREATED_ID,CREATE_DATE)
VALUES(514,'mike2015','password','role2','mike','A','G','12/JULY/1975','mike@gmail.com','GC','201-566-1234','201-967-4321','201-122-2221',
'Masters',14,15,'02/FEB/2015','Male','this is the trainer id',501,sysdate);

INSERT INTO USERS(ID,LOGIN_ID,PASSWORD,ROLE_ID,FIRST_NAME,LAST_NAME,DATE_OF_BIRTH,EMAIL_ID,LEGAL_STATUS,CELL_NO,HOME_NO,
HI_QUALIFICATION,HOME_ADDRESS_ID,JOIN_DATE,GENDER,NOTE,CREATED_ID,CREATE_DATE)
VALUES(515,'Rick2015','password','role3','Rick','B','01/JUNE/1978','rick@gmail.com','H4','201-555-2222','201-998-4443',
'BTech',16,'05/MAY/2015','Male','this is the trainee id',501,sysdate);

INSERT INTO USERS(ID,LOGIN_ID,PASSWORD,ROLE_ID,FIRST_NAME,LAST_NAME,DATE_OF_BIRTH,EMAIL_ID,LEGAL_STATUS,CELL_NO,HOME_NO,
HI_QUALIFICATION,HOME_ADDRESS_ID,JOIN_DATE,GENDER,NOTE,CREATED_ID,CREATE_DATE)
VALUES(516,'dave2015','password','role3','Dave','K','14/FEB/1976','dave@gmail.com','H4','201-666-2227','201-111-4447',
'BL',17,'05/MAY/2015','Male','this is the trainee id',501,sysdate);

INSERT INTO USERS(ID,LOGIN_ID,PASSWORD,ROLE_ID,FIRST_NAME,LAST_NAME,DATE_OF_BIRTH,EMAIL_ID,LEGAL_STATUS,CELL_NO,HOME_NO,
HI_QUALIFICATION,HOME_ADDRESS_ID,JOIN_DATE,GENDER,NOTE,CREATED_ID,CREATE_DATE)
VALUES(517,'carry2015','password','role3','Carry','K','23/JAN/1976','carry@gmail.com','H4','201-896-3228','201-356-3298',
'BE',18,'05/MAY/2015','Female','this is the trainee id',501,sysdate);

INSERT INTO USERS(ID,LOGIN_ID,PASSWORD,ROLE_ID,FIRST_NAME,LAST_NAME,DATE_OF_BIRTH,EMAIL_ID,LEGAL_STATUS,CELL_NO,HOME_NO,
HI_QUALIFICATION,HOME_ADDRESS_ID,JOIN_DATE,GENDER,NOTE,CREATED_ID,CREATE_DATE)
VALUES(518,'sam2015','password','role3','Sam','P','01/JUNE/1989','sam@gmail.com','EAD','201-696-3527','201-256-5624',
'MTech',19,'05/MAY/2015','Male','this is the trainee id',501,sysdate);


INSERT INTO USERS(ID,LOGIN_ID,PASSWORD,ROLE_ID,FIRST_NAME,LAST_NAME,DATE_OF_BIRTH,EMAIL_ID,LEGAL_STATUS,CELL_NO,HOME_NO,
HI_QUALIFICATION,HOME_ADDRESS_ID,JOIN_DATE,GENDER,NOTE,CREATED_ID,CREATE_DATE)
VALUES(519,'robert2015','password','role3','Robert','B','01/JAN/1978','robert@gmail.com','H4','201-555-2222','201-998-4443',
'BTech',20,'05/MAY/2015','Male','this is the trainee id',501,sysdate);

INSERT INTO USERS(ID,LOGIN_ID,PASSWORD,ROLE_ID,FIRST_NAME,LAST_NAME,DATE_OF_BIRTH,EMAIL_ID,LEGAL_STATUS,CELL_NO,HOME_NO,
HI_QUALIFICATION,HOME_ADDRESS_ID,JOIN_DATE,GENDER,NOTE,CREATED_ID,CREATE_DATE)
VALUES(520,'ani2015','password','role3','Ani','S','05/JAN/1976','ani@gmail.com','H4','201-666-2229','201-111-4449',
'BL',21,'05/MAY/2015','Female','this is the trainee id',501,sysdate);

INSERT INTO USERS(ID,LOGIN_ID,PASSWORD,ROLE_ID,FIRST_NAME,LAST_NAME,DATE_OF_BIRTH,EMAIL_ID,LEGAL_STATUS,CELL_NO,HOME_NO,
HI_QUALIFICATION,HOME_ADDRESS_ID,JOIN_DATE,GENDER,NOTE,CREATED_ID,CREATE_DATE)
VALUES(521,'ami2015','password','role3','Ami','P','15/JAN/1976','ami@gmail.com','H4','201-896-2198','201-356-3898',
'BE',22,'05/MAY/2015','Female','this is the trainee id',501,sysdate);

INSERT INTO USERS(ID,LOGIN_ID,PASSWORD,ROLE_ID,FIRST_NAME,LAST_NAME,DATE_OF_BIRTH,EMAIL_ID,LEGAL_STATUS,CELL_NO,HOME_NO,
HI_QUALIFICATION,HOME_ADDRESS_ID,JOIN_DATE,GENDER,NOTE,CREATED_ID,CREATE_DATE)
VALUES(522,'sara2015','password','role3','Sara','F','16/JAN/1989','sara@gmail.com','EAD','201-298-3567','201-256-5678',
'MTech',23,'07/MAY/2015','Female','this is the trainee id',501,sysdate);

INSERT INTO USERS(ID,LOGIN_ID,PASSWORD,ROLE_ID,FIRST_NAME,LAST_NAME,MIDDLE_NAME,DATE_OF_BIRTH,EMAIL_ID,LEGAL_STATUS,CELL_NO,HOME_NO,OFFICE_NO,
HI_QUALIFICATION,HOME_ADDRESS_ID,OFFICE_ADDRESS_ID,JOIN_DATE,GENDER,NOTE,CREATED_ID,CREATE_DATE)
VALUES(523,'jack2015','password','role2','Jack','V','L','22/JULY/1975','Jack@gmail.com','GC','201-566-1334','201-967-4421','201-122-2232',
'Masters',24,15,'02/FEB/2015','Male','this is the trainer id',501,sysdate);

INSERT INTO USERS(ID,LOGIN_ID,PASSWORD,ROLE_ID,FIRST_NAME,LAST_NAME,DATE_OF_BIRTH,EMAIL_ID,LEGAL_STATUS,CELL_NO,HOME_NO,
HI_QUALIFICATION,HOME_ADDRESS_ID,JOIN_DATE,GENDER,NOTE,CREATED_ID,CREATE_DATE)
VALUES(524,'annie2015','password','role3','annie','B','01/JUNE/1978','annie@gmail.com','H4','201-555-2222','201-998-4643',
'BTech',25,'05/MAY/2015','Male','this is the trainee id',501,sysdate);

INSERT INTO USERS(ID,LOGIN_ID,PASSWORD,ROLE_ID,FIRST_NAME,LAST_NAME,DATE_OF_BIRTH,EMAIL_ID,LEGAL_STATUS,CELL_NO,HOME_NO,
HI_QUALIFICATION,HOME_ADDRESS_ID,JOIN_DATE,GENDER,NOTE,CREATED_ID,CREATE_DATE)
VALUES(525,'dany2015','password','role3','dany','K','14/MAr/1976','dany@gmail.com','H4','201-666-2227','201-111-4347',
'BL',26,'07/MAY/2015','Male','this is the trainee id',501,sysdate);

INSERT INTO USERS(ID,LOGIN_ID,PASSWORD,ROLE_ID,FIRST_NAME,LAST_NAME,DATE_OF_BIRTH,EMAIL_ID,LEGAL_STATUS,CELL_NO,HOME_NO,
HI_QUALIFICATION,HOME_ADDRESS_ID,JOIN_DATE,GENDER,NOTE,CREATED_ID,CREATE_DATE)
VALUES(526,'peter2015','password','role3','Peter','N','22/JAN/1986','peter@gmail.com','H4','201-896-3128','201-356-3258',
'BE',27,'05/MAY/2015','Female','this is the trainee id',501,sysdate);

INSERT INTO USERS(ID,LOGIN_ID,PASSWORD,ROLE_ID,FIRST_NAME,LAST_NAME,DATE_OF_BIRTH,EMAIL_ID,LEGAL_STATUS,CELL_NO,HOME_NO,
HI_QUALIFICATION,HOME_ADDRESS_ID,JOIN_DATE,GENDER,NOTE,CREATED_ID,CREATE_DATE)
VALUES(527,'frank2015','password','role3','Frank','P','30/JUNE/1989','frank@gmail.com','EAD','201-786-3527','201-456-5624',
'MTech',28,'06/MAY/2015','Male','this is the trainee id',501,sysdate);

INSERT INTO USERS(ID,LOGIN_ID,PASSWORD,ROLE_ID,FIRST_NAME,LAST_NAME,DATE_OF_BIRTH,EMAIL_ID,LEGAL_STATUS,CELL_NO,HOME_NO,
HI_QUALIFICATION,HOME_ADDRESS_ID,JOIN_DATE,GENDER,NOTE,CREATED_ID,CREATE_DATE)
VALUES(528,'laran2015','password','role3','Laran','J','21/JUNE/1989','laran@gmail.com','EAD','201-696-3537','201-256-5644',
'MTech',29,'05/MAY/2015','Male','this is the trainee id',501,sysdate);

INSERT INTO USERS(ID,LOGIN_ID,PASSWORD,ROLE_ID,FIRST_NAME,LAST_NAME,DATE_OF_BIRTH,EMAIL_ID,LEGAL_STATUS,CELL_NO,HOME_NO,
HI_QUALIFICATION,HOME_ADDRESS_ID,JOIN_DATE,GENDER,NOTE,CREATED_ID,CREATE_DATE)
VALUES(529,'jose2015','password','role3','Jose','B','29/JAN/1978','jose@gmail.com','H4','201-555-2662','201-788-4943',
'BTech',30,'05/MAY/2015','Male','this is the trainee id',501,sysdate);

INSERT INTO USERS(ID,LOGIN_ID,PASSWORD,ROLE_ID,FIRST_NAME,LAST_NAME,DATE_OF_BIRTH,EMAIL_ID,LEGAL_STATUS,CELL_NO,HOME_NO,
HI_QUALIFICATION,HOME_ADDRESS_ID,JOIN_DATE,GENDER,NOTE,CREATED_ID,CREATE_DATE)
VALUES(530,'Jesse2015','password','role3','Jesse','L','27/JAN/1976','Jesse@gmail.com','H4','201-666-3329','201-111-5449',
'BL',31,'05/MAY/2015','Female','this is the trainee id',501,sysdate);

INSERT INTO USERS(ID,LOGIN_ID,PASSWORD,ROLE_ID,FIRST_NAME,LAST_NAME,DATE_OF_BIRTH,EMAIL_ID,LEGAL_STATUS,CELL_NO,HOME_NO,
HI_QUALIFICATION,HOME_ADDRESS_ID,JOIN_DATE,GENDER,NOTE,CREATED_ID,CREATE_DATE)
VALUES(531,'lory2015','password','role3','Lory','P','17/JAN/1976','lory@gmail.com','H4','201-893-2198','201-396-3848',
'BE',32,'05/MAY/2015','Female','this is the trainee id',501,sysdate);

INSERT INTO USERS(ID,LOGIN_ID,PASSWORD,ROLE_ID,FIRST_NAME,LAST_NAME,DATE_OF_BIRTH,EMAIL_ID,LEGAL_STATUS,CELL_NO,HOME_NO,
HI_QUALIFICATION,HOME_ADDRESS_ID,JOIN_DATE,GENDER,NOTE,CREATED_ID,CREATE_DATE)
VALUES(532,'Jimmy2015','password','role3','Jimmy','F','19/JAN/1989','Jimmy@gmail.com','EAD','201-299-3590','201-256-5609',
'MTech',33,'07/MAY/2015','Female','this is the trainee id',501,sysdate);

INSERT INTO USERS(ID,LOGIN_ID,PASSWORD,ROLE_ID,FIRST_NAME,LAST_NAME,MIDDLE_NAME,DATE_OF_BIRTH,EMAIL_ID,LEGAL_STATUS,CELL_NO,HOME_NO,OFFICE_NO,
HI_QUALIFICATION,HOME_ADDRESS_ID,JOIN_DATE,GENDER,NOTE,CREATED_ID,CREATE_DATE)
VALUES(533,'todd2015','password','role2','Todd','V','L','26/JULY/1975','todd@gmail.com','GC','201-566-1331','201-967-1421','201-122-1232',
'Masters',34,'02/FEB/2015','Male','this is the trainer id',501,sysdate);

INSERT INTO USERS(ID,LOGIN_ID,PASSWORD,ROLE_ID,FIRST_NAME,LAST_NAME,DATE_OF_BIRTH,EMAIL_ID,LEGAL_STATUS,CELL_NO,HOME_NO,
HI_QUALIFICATION,HOME_ADDRESS_ID,JOIN_DATE,GENDER,NOTE,CREATED_ID,CREATE_DATE)
VALUES(534,'billi2015','password','role3','Billi','B','23/JUNE/1978','Billi@gmail.com','H4','201-555-7878','201-998-9898',
'BTech',35,'05/MAY/2015','Male','this is the trainee id',501,sysdate);

INSERT INTO USERS(ID,LOGIN_ID,PASSWORD,ROLE_ID,FIRST_NAME,LAST_NAME,DATE_OF_BIRTH,EMAIL_ID,LEGAL_STATUS,CELL_NO,HOME_NO,
HI_QUALIFICATION,HOME_ADDRESS_ID,JOIN_DATE,GENDER,NOTE,CREATED_ID,CREATE_DATE)
VALUES(535,'steve2015','password','role3','steve','K','24/May/1976','steve@gmail.com','H4','732-666-7727','732-111-8847',
'BL',36,'07/MAY/2015','Male','this is the trainee id',501,sysdate);

INSERT INTO USERS(ID,LOGIN_ID,PASSWORD,ROLE_ID,FIRST_NAME,LAST_NAME,DATE_OF_BIRTH,EMAIL_ID,LEGAL_STATUS,CELL_NO,HOME_NO,
HI_QUALIFICATION,HOME_ADDRESS_ID,JOIN_DATE,GENDER,NOTE,CREATED_ID,CREATE_DATE)
VALUES(536,'ray2015','password','role3','Ray','N','20/JAN/1986','Ray@gmail.com','H4','732-896-3128','732-356-3258',
'BE',37,'05/MAY/2015','Female','this is the trainee id',501,sysdate);

INSERT INTO USERS(ID,LOGIN_ID,PASSWORD,ROLE_ID,FIRST_NAME,LAST_NAME,DATE_OF_BIRTH,EMAIL_ID,LEGAL_STATUS,CELL_NO,HOME_NO,
HI_QUALIFICATION,HOME_ADDRESS_ID,JOIN_DATE,GENDER,NOTE,CREATED_ID,CREATE_DATE)
VALUES(537,'bill2015','password','role3','Bill','P','20/JUNE/1989','bill@gmail.com','EAD','201-786-5527','201-456-5524',
'MTech',38,'06/MAY/2015','Male','this is the trainee id',501,sysdate);

INSERT INTO USERS(ID,LOGIN_ID,PASSWORD,ROLE_ID,FIRST_NAME,LAST_NAME,MIDDLE_NAME,DATE_OF_BIRTH,EMAIL_ID,LEGAL_STATUS,CELL_NO,HOME_NO,OFFICE_NO,
HI_QUALIFICATION,HOME_ADDRESS_ID,JOIN_DATE,GENDER,NOTE,CREATED_ID,CREATE_DATE)
VALUES(538,'tim2015','password','role2','Tim','V','L','21/JULY/1975','Tim@gmail.com','GC','201-566-1334','201-967-4421','201-122-2232',
'Masters',39,'02/FEB/2015','Male','this is the trainer id',501,sysdate);

INSERT INTO USERS(ID,LOGIN_ID,PASSWORD,ROLE_ID,FIRST_NAME,LAST_NAME,DATE_OF_BIRTH,EMAIL_ID,LEGAL_STATUS,CELL_NO,HOME_NO,
HI_QUALIFICATION,HOME_ADDRESS_ID,JOIN_DATE,GENDER,NOTE,CREATED_ID,CREATE_DATE)
VALUES(539,'Jack2015','password','role3','annie','B','23/JUNE/1978','annie@gmail.com','H4','201-555-2222','201-998-4643',
'BTech',40,'05/MAY/2015','Male','this is the trainee id',501,sysdate);

INSERT INTO USERS(ID,LOGIN_ID,PASSWORD,ROLE_ID,FIRST_NAME,LAST_NAME,DATE_OF_BIRTH,EMAIL_ID,LEGAL_STATUS,CELL_NO,HOME_NO,
HI_QUALIFICATION,HOME_ADDRESS_ID,JOIN_DATE,GENDER,NOTE,CREATED_ID,CREATE_DATE)
VALUES(540,'james2015','password','role3','James','D','13/APR/1976','james@gmail.com','H4','201-666-2777','201-111-3347',
'BL',41,'08/MAY/2015','Male','this is the trainee id',501,sysdate);


-- Insert COURSE table
INSERT INTO COURSE(Id,NAME,DESCRIPTION,STATUS,FEE,NOTE,CREATED_ID,CREATE_DATE)
VALUES('C201','JAVA','JAVA Programming language','ACTIVE',1200,'This is a course for java programmer',501,sysdate);
INSERT INTO COURSE(Id,NAME,DESCRIPTION,STATUS,FEE,NOTE,CREATED_ID,CREATE_DATE)
VALUES('C202','REPORTING','Reporting tools','ACTIVE',1000,'This is a course for Reporting tools',501,sysdate);

-- Insert SECTION table
INSERT INTO SECTION(ID,NAME,DESCRIPTION,STATUS,NOTE,CREATED_ID,CREATE_DATE)
VALUES(1,'Introduction','Details about the course','ACTIVE','details about the course ',501,sysdate);
INSERT INTO SECTION(ID,NAME,DESCRIPTION,STATUS,CREATED_ID,CREATE_DATE)
VALUES(2,'SQL','Structure Query Language','ACTIVE',501,sysdate);
INSERT INTO SECTION(ID,NAME,DESCRIPTION,STATUS,CREATED_ID,CREATE_DATE)
VALUES(3,'BO','Business Objects','ACTIVE',501,sysdate);
INSERT INTO SECTION(ID,NAME,DESCRIPTION,STATUS,CREATED_ID,CREATE_DATE)
VALUES(4,'Cognos','Cognos reporting tool','ACTIVE',501,sysdate);
INSERT INTO SECTION(ID,NAME,DESCRIPTION,STATUS,CREATED_ID,CREATE_DATE)
VALUES(5,'Core Java','Java Basics','ACTIVE',501,sysdate);
INSERT INTO SECTION(ID,NAME,DESCRIPTION,STATUS,CREATED_ID,CREATE_DATE)
VALUES(6,'Spring','Advanced concepts about spring','ACTIVE',501,sysdate);
INSERT INTO SECTION(ID,NAME,DESCRIPTION,STATUS,CREATED_ID,CREATE_DATE)
VALUES(7,'Hibernate','Database concepts of hibernate','ACTIVE',501,sysdate);

-- Insert COURSE_SECTION table
INSERT INTO COURSE_SECTION(ID,COURSE_ID,SECTION_ID,COURSE_SECTION_STATUS,CREATED_ID,CREATE_DATE)
VALUES(1,'C201',1,'ACTIVE',501,sysdate);
INSERT INTO COURSE_SECTION(ID,COURSE_ID,SECTION_ID,COURSE_SECTION_STATUS,CREATED_ID,CREATE_DATE)
VALUES(2,'C201',2,'ACTIVE',501,sysdate);
INSERT INTO COURSE_SECTION(ID,COURSE_ID,SECTION_ID,COURSE_SECTION_STATUS,CREATED_ID,CREATE_DATE)
VALUES(3,'C201',5,'ACTIVE',501,sysdate);
INSERT INTO COURSE_SECTION(ID,COURSE_ID,SECTION_ID,COURSE_SECTION_STATUS,CREATED_ID,CREATE_DATE)
VALUES(4,'C201',6,'ACTIVE',501,sysdate);
INSERT INTO COURSE_SECTION(ID,COURSE_ID,SECTION_ID,COURSE_SECTION_STATUS,CREATED_ID,CREATE_DATE)
VALUES(5,'C201',7,'ACTIVE',501,sysdate);
INSERT INTO COURSE_SECTION(ID,COURSE_ID,SECTION_ID,COURSE_SECTION_STATUS,CREATED_ID,CREATE_DATE)
VALUES(6,'C202',1,'ACTIVE',501,sysdate);
INSERT INTO COURSE_SECTION(ID,COURSE_ID,SECTION_ID,COURSE_SECTION_STATUS,CREATED_ID,CREATE_DATE)
VALUES(7,'C202',2,'ACTIVE',501,sysdate);
INSERT INTO COURSE_SECTION(ID,COURSE_ID,SECTION_ID,COURSE_SECTION_STATUS,CREATED_ID,CREATE_DATE)
VALUES(8,'C202',3,'ACTIVE',501,sysdate);
INSERT INTO COURSE_SECTION(ID,COURSE_ID,SECTION_ID,COURSE_SECTION_STATUS,CREATED_ID,CREATE_DATE)
VALUES(9,'C202',4,'ACTIVE',501,sysdate);

-- Insert BATCH table
INSERT INTO BATCH(BATCH_ID,BATCH_DESC,COURSE_ID,BATCH_STATUS,BATCH_FEE,START_DATE,END_DATE,NOTE,CREATED_ID,CREATE_DATE)
VALUES('B001','Advance Java Batch','C201','ACTIVE',1200,'05/MAY/2015','20/AUG/2005','advance java batch',501,sysdate);
INSERT INTO BATCH(BATCH_ID,BATCH_DESC,COURSE_ID,BATCH_STATUS,BATCH_FEE,START_DATE,END_DATE,NOTE,CREATED_ID,CREATE_DATE)
VALUES('B002','Reporting Batch','C202','ACTIVE',1000,'05/MAY/2015','20/AUG/2005','advance reporting batch',501,sysdate);

-- Insert TRAINEE table
INSERT INTO TRAINEE(TRAINEE_ID,SKILL,EXPERIENCE,PREV_COMPANY,CREATED_ID,CREATE_DATE)
VALUES(503,'JAVA','7 years','syntel',501,sysdate);
INSERT INTO TRAINEE(TRAINEE_ID,SKILL,EXPERIENCE,PREV_COMPANY,CREATED_ID,CREATE_DATE)
VALUES(504,'SQL','3 years','syntel',501,sysdate);
INSERT INTO TRAINEE(TRAINEE_ID,SKILL,EXPERIENCE,PREV_COMPANY,CREATED_ID,CREATE_DATE)
VALUES(505,'SQL','3 years','syntel',501,sysdate);
INSERT INTO TRAINEE(TRAINEE_ID,SKILL,EXPERIENCE,PREV_COMPANY,CREATED_ID,CREATE_DATE)
VALUES(506,'JAVA','2 years','syntel',501,sysdate);

-- Insert TRAINEE_BATCH table
INSERT INTO TRAINEE_BATCH(BATCH_ID,TRAINEE_ID,FEE,CREATED_ID,CREATE_DATE)
VALUES('B001',503,1200,501,sysdate);
INSERT INTO TRAINEE_BATCH(BATCH_ID,TRAINEE_ID,FEE,CREATED_ID,CREATE_DATE)
VALUES('B002',504,1000,501,sysdate);
INSERT INTO TRAINEE_BATCH(BATCH_ID,TRAINEE_ID,FEE,CREATED_ID,CREATE_DATE)
VALUES('B002',505,1000,501,sysdate);
INSERT INTO TRAINEE_BATCH(BATCH_ID,TRAINEE_ID,FEE,CREATED_ID,CREATE_DATE)
VALUES('B001',506,1200,501,sysdate);

-- Insert TRAINER table
INSERT INTO TRAINER(TRAINER_ID,COURSE_SECTION_ID,FEE,CREATED_ID,CREATE_DATE)
VALUES(502,1,200,501,sysdate);
INSERT INTO TRAINER(TRAINER_ID,COURSE_SECTION_ID,FEE,CREATED_ID,CREATE_DATE)
VALUES(502,2,200,501,sysdate);
INSERT INTO TRAINER(TRAINER_ID,COURSE_SECTION_ID,FEE,CREATED_ID,CREATE_DATE)
VALUES(502,3,200,501,sysdate);
INSERT INTO TRAINER(TRAINER_ID,COURSE_SECTION_ID,FEE,CREATED_ID,CREATE_DATE)
VALUES(502,4,200,501,sysdate);
INSERT INTO TRAINER(TRAINER_ID,COURSE_SECTION_ID,FEE,CREATED_ID,CREATE_DATE)
VALUES(502,5,200,501,sysdate);
INSERT INTO TRAINER(TRAINER_ID,COURSE_SECTION_ID,FEE,CREATED_ID,CREATE_DATE)
VALUES(502,6,200,501,sysdate);
INSERT INTO TRAINER(TRAINER_ID,COURSE_SECTION_ID,FEE,CREATED_ID,CREATE_DATE)
VALUES(502,7,200,501,sysdate);
INSERT INTO TRAINER(TRAINER_ID,COURSE_SECTION_ID,FEE,CREATED_ID,CREATE_DATE)
VALUES(502,8,200,501,sysdate);
INSERT INTO TRAINER(TRAINER_ID,COURSE_SECTION_ID,FEE,CREATED_ID,CREATE_DATE)
VALUES(502,9,200,501,sysdate);

-- Insert TRAINER_BATCH table
INSERT INTO TRAINER_BATCH(BATCH_ID,TRAINER_ID,COURSE_SECTION_ID,FEE,CREATED_ID,CREATE_DATE)
VALUES('B001',502,1,200,501,sysdate);
INSERT INTO TRAINER_BATCH(BATCH_ID,TRAINER_ID,COURSE_SECTION_ID,FEE,CREATED_ID,CREATE_DATE)
VALUES('B001',502,2,200,501,sysdate);
INSERT INTO TRAINER_BATCH(BATCH_ID,TRAINER_ID,COURSE_SECTION_ID,FEE,CREATED_ID,CREATE_DATE)
VALUES('B001',502,3,200,501,sysdate);
INSERT INTO TRAINER_BATCH(BATCH_ID,TRAINER_ID,COURSE_SECTION_ID,FEE,CREATED_ID,CREATE_DATE)
VALUES('B001',502,4,200,501,sysdate);
INSERT INTO TRAINER_BATCH(BATCH_ID,TRAINER_ID,COURSE_SECTION_ID,FEE,CREATED_ID,CREATE_DATE)
VALUES('B001',502,5,200,501,sysdate);
INSERT INTO TRAINER_BATCH(BATCH_ID,TRAINER_ID,COURSE_SECTION_ID,FEE,CREATED_ID,CREATE_DATE)
VALUES('B002',502,6,200,501,sysdate);
INSERT INTO TRAINER_BATCH(BATCH_ID,TRAINER_ID,COURSE_SECTION_ID,FEE,CREATED_ID,CREATE_DATE)
VALUES('B002',502,7,200,501,sysdate);
INSERT INTO TRAINER_BATCH(BATCH_ID,TRAINER_ID,COURSE_SECTION_ID,FEE,CREATED_ID,CREATE_DATE)
VALUES('B002',502,8,200,501,sysdate);
INSERT INTO TRAINER_BATCH(BATCH_ID,TRAINER_ID,COURSE_SECTION_ID,FEE,CREATED_ID,CREATE_DATE)
VALUES('B002',502,9,200,501,sysdate);

-- Insert SCHEDULE table
INSERT INTO SCHEDULE(ID,BATCH_ID,USER_ID,COURSE_SECTION_ID,SCHEDULE_DATE,DURATION,CREATED_ID,CREATE_DATE)
VALUES(SCHEDULE_SEQ.NEXTVAL,'B001',502,1,'20/MAY/2015',30,502,sysdate);
INSERT INTO SCHEDULE(ID,BATCH_ID,USER_ID,COURSE_SECTION_ID,SCHEDULE_DATE,DURATION,CREATED_ID,CREATE_DATE)
VALUES(SCHEDULE_SEQ.NEXTVAL,'B002',502,1,'20/MAY/2015',30,502,sysdate);
INSERT INTO SCHEDULE(ID,BATCH_ID,USER_ID,COURSE_SECTION_ID,SCHEDULE_DATE,DURATION,CREATED_ID,CREATE_DATE)
VALUES(SCHEDULE_SEQ.NEXTVAL,'B001',503,1,'20/MAY/2015',30,503,sysdate);
INSERT INTO SCHEDULE(ID,BATCH_ID,USER_ID,COURSE_SECTION_ID,SCHEDULE_DATE,DURATION,CREATED_ID,CREATE_DATE)
VALUES(SCHEDULE_SEQ.NEXTVAL,'B001',504,1,'20/MAY/2015',30,504,sysdate);
INSERT INTO SCHEDULE(ID,BATCH_ID,USER_ID,COURSE_SECTION_ID,SCHEDULE_DATE,DURATION,CREATED_ID,CREATE_DATE)
VALUES(SCHEDULE_SEQ.NEXTVAL,'B001',505,1,'20/MAY/2015',30,505,sysdate);
INSERT INTO SCHEDULE(ID,BATCH_ID,USER_ID,COURSE_SECTION_ID,SCHEDULE_DATE,DURATION,CREATED_ID,CREATE_DATE)
VALUES(SCHEDULE_SEQ.NEXTVAL,'B001',506,1,'20/MAY/2015',30,506,sysdate);

commit;

-- Verify the insert counts by table
SELECT *
FROM
  ( SELECT 'SCHEDULE' AS tableName, COUNT(*) FROM SCHEDULE
  UNION
  SELECT 'TRAINER_BATCH' AS tableName,COUNT(*) FROM TRAINER_BATCH
  UNION
  SELECT 'TRAINER' AS tableName,COUNT(*) FROM TRAINER
  UNION
  SELECT 'TRAINEE_BATCH' AS tableName,COUNT(*) FROM TRAINEE_BATCH
  UNION
  SELECT 'TRAINEE' AS tableName,COUNT(*) FROM TRAINEE
  UNION
  SELECT 'COURSE_SECTION' AS tableName,COUNT(*) FROM COURSE_SECTION
  UNION
  SELECT 'BATCH' AS tableName,COUNT(*) FROM BATCH
  UNION
  SELECT 'SECTION' AS tableName,COUNT(*) FROM SECTION
  UNION
  SELECT 'COURSE' AS tableName,COUNT(*) FROM COURSE
  UNION
  SELECT 'USERS' AS tableName,COUNT(*) FROM USERS
  UNION
  SELECT 'ADDRESS' AS tableName,COUNT(*) FROM ADDRESS
  UNION
  SELECT 'ROLE' AS tableName,COUNT(*) FROM ROLE
  );
